codon	w_tai
TTT	0.196666666666667
TTC	0.333333333333333
TTA	0.166666666666667
TTG	0.22
TCT	0.196666666666667
TCC	0.333333333333333
TCA	0.166666666666667
TCG	0.22
TAT	0.295
TAC	0.5
TGT	0.0983333333333333
TGC	0.166666666666667
TGG	0.22
CTT	0.0983333333333333
CTC	0.166666666666667
CTA	0.166666666666667
CTG	0.72
CCT	0.0983333333333333
CCC	0.166666666666667
CCA	0.166666666666667
CCG	0.22
CAT	0.0983333333333333
CAC	0.166666666666667
CAA	0.333333333333333
CAG	0.44
CGT	0.666666666666667
CGC	0.48
CGA	6.66666666666593e-05
CGG	0.166666666666667
ATT	0.295
ATC	0.5
ATA	0.0183333333333333
ACT	0.196666666666667
ACC	0.333333333333333
ACA	0.166666666666667
ACG	0.386666666666667
AAT	0.393333333333333
AAC	0.666666666666667
AAA	1
AAG	0.32
AGT	0.0983333333333333
AGC	0.166666666666667
AGA	0.166666666666667
AGG	0.22
GTT	0.196666666666667
GTC	0.333333333333333
GTA	0.833333333333333
GTG	0.266666666666667
GCT	0.196666666666667
GCC	0.333333333333333
GCA	0.5
GCG	0.16
GAT	0.295
GAC	0.5
GAA	0.666666666666667
GAG	0.213333333333333
GGT	0.393333333333333
GGC	0.666666666666667
GGA	0.166666666666667
GGG	0.22
