aa	codon	count	freq_within_aa	freq_global	mu	w_tai	mu_class	tai_class	mode
A	GCA	27072	0.21230277	0.02023364	0.0002403524	0.5	low_mu	high_tai	safe_sprinter
A	GCC	34433	0.27002886	0.02573526	0.0003179319	0.33333333	high_mu	high_tai	risky_sprinter
A	GCG	45521	0.35698265	0.03402244	0.0002133139	0.16	low_mu	low_tai	safe_careful
A	GCT	20490	0.16068572	0.01531424	0.0002627794	0.19666667	high_mu	low_tai	risky_careful
C	TGC	8661	0.55765888	0.00647324	0.005808007	0.16666667	low_mu	high_tai	safe_sprinter
C	TGT	6870	0.44234112	0.00513464	0.00946587	0.098333333	high_mu	low_tai	risky_careful
D	GAC	25727	0.37407488	0.01922838	6.695742e-05	0.5	high_mu	high_tai	risky_sprinter
D	GAT	43048	0.62592512	0.03217411	3.315149e-05	0.295	low_mu	low_tai	safe_careful
E	GAA	53330	0.69056159	0.03985889	0.0003089001	0.66666667	high_mu	high_tai	risky_sprinter
E	GAG	23897	0.30943841	0.01786064	0.0001179011	0.21333333	low_mu	low_tai	safe_careful
F	TTC	22242	0.42700814	0.01662369	0.0004784896	0.33333333	high_mu	high_tai	risky_sprinter
F	TTT	29846	0.57299186	0.02230693	0.0002627471	0.19666667	low_mu	low_tai	safe_careful
G	GGA	10494	0.10646781	0.00784323	0.00041212	0.16666667	high_mu	low_tai	risky_careful
G	GGC	40020	0.40602648	0.02991098	0.0002349188	0.66666667	low_mu	high_tai	safe_sprinter
G	GGG	14722	0.14936336	0.01100324	0.0005665506	0.22	high_mu	low_tai	risky_careful
G	GGT	33329	0.33814234	0.02491013	0.0002665382	0.39333333	low_mu	high_tai	safe_sprinter
H	CAC	13032	0.43068178	0.00974013	0.001948674	0.16666667	high_mu	high_tai	risky_sprinter
H	CAT	17227	0.56931822	0.01287548	0.001779026	0.098333333	low_mu	low_tai	safe_careful
I	ATA	5591	0.0695251	0.00417872	0.0008258727	0.018333333	high_mu	low_tai	risky_careful
I	ATC	33912	0.42170188	0.02534586	0.000242373	0.5	low_mu	high_tai	safe_sprinter
I	ATT	40914	0.50877302	0.03057916	0.0002096603	0.295	low_mu	high_tai	safe_sprinter
K	AAA	45204	0.76701451	0.03378551	0.0001470805	1	low_mu	high_tai	safe_sprinter
K	AAG	13731	0.23298549	0.01026256	0.0003919346	0.32	high_mu	low_tai	risky_careful
L	CTA	5203	0.03637876	0.00388873	0.0004694291	0.16666667	high_mu	high_tai	risky_sprinter
L	CTC	14960	0.10459856	0.01118112	0.0001903949	0.16666667	low_mu	high_tai	safe_sprinter
L	CTG	71314	0.4986191	0.05330015	0.0007560202	0.72	high_mu	high_tai	risky_sprinter
L	CTT	14734	0.1030184	0.01101221	0.0001760656	0.098333333	low_mu	low_tai	safe_careful
L	TTA	18509	0.12941275	0.01383364	0.0003579307	0.16666667	high_mu	high_tai	risky_sprinter
L	TTG	18303	0.12797242	0.01367968	0.0003218169	0.22	low_mu	high_tai	safe_sprinter
M	ATG	37401	1	0.02795354	0.001376728	None	low_mu	unknown	unknown
N	AAC	29053	0.55295864	0.02171424	0.0004338979	0.66666667	high_mu	high_tai	risky_sprinter
N	AAT	23488	0.44704136	0.01755495	0.0002754379	0.39333333	low_mu	low_tai	safe_careful
P	CCA	11281	0.19039984	0.00843143	0.0002472885	0.16666667	high_mu	high_tai	risky_sprinter
P	CCC	7299	0.12319195	0.00545528	0.02033071	0.16666667	high_mu	high_tai	risky_sprinter
P	CCG	31356	0.52922412	0.0234355	0.0001745707	0.22	low_mu	high_tai	safe_sprinter
P	CCT	9313	0.15718409	0.00696054	0.0001636193	0.098333333	low_mu	low_tai	safe_careful
Q	CAA	20630	0.3468976	0.01541888	0.0004527521	0.33333333	high_mu	low_tai	risky_careful
Q	CAG	38840	0.6531024	0.02902905	0.0001150464	0.44	low_mu	high_tai	safe_sprinter
R	AGA	2632	0.03561329	0.00196716	0.0005365252	0.16666667	low_mu	low_tai	safe_careful
R	AGG	1461	0.01976862	0.00109195	0.006276316	0.22	high_mu	high_tai	risky_sprinter
R	CGA	4685	0.06339219	0.00350157	0.001031396	6.6666667e-05	low_mu	low_tai	safe_careful
R	CGC	29653	0.40123131	0.02216268	0.001051716	0.48	high_mu	high_tai	risky_sprinter
R	CGG	7137	0.09656992	0.0053342	0.001164647	0.16666667	high_mu	low_tai	risky_careful
R	CGT	28337	0.38342467	0.0211791	0.0001750105	0.66666667	low_mu	high_tai	safe_sprinter
S	AGC	21587	0.27843056	0.01613414	0.0006551624	0.16666667	high_mu	low_tai	risky_careful
S	AGT	11643	0.15017219	0.00870199	0.0007994849	0.098333333	high_mu	low_tai	risky_careful
S	TCA	9465	0.1220802	0.00707415	0.0001011552	0.16666667	low_mu	low_tai	safe_careful
S	TCC	11568	0.14920483	0.00864593	0.0001333764	0.33333333	low_mu	high_tai	safe_sprinter
S	TCG	11958	0.15423508	0.00893742	0.0001693866	0.22	low_mu	high_tai	safe_sprinter
S	TCT	11310	0.14587713	0.0084531	0.0002158333	0.19666667	high_mu	high_tai	risky_sprinter
T	ACA	9278	0.12873238	0.00693439	0.0002705712	0.16666667	high_mu	low_tai	risky_careful
T	ACC	31537	0.43757631	0.02357078	0.0001836808	0.33333333	low_mu	high_tai	safe_sprinter
T	ACG	19325	0.26813464	0.01444352	0.0001853825	0.38666667	low_mu	high_tai	safe_sprinter
T	ACT	11932	0.16555667	0.00891799	0.0002614404	0.19666667	high_mu	low_tai	risky_careful
V	GTA	14648	0.15396744	0.01094793	0.001330374	0.83333333	high_mu	high_tai	risky_sprinter
V	GTC	20542	0.2159202	0.01535311	0.0003380108	0.33333333	low_mu	high_tai	safe_sprinter
V	GTG	35338	0.37144329	0.02641165	0.0004575475	0.26666667	low_mu	low_tai	safe_careful
V	GTT	24609	0.25866908	0.01839279	0.001059536	0.19666667	high_mu	low_tai	risky_careful
W	TGG	20410	1	0.01525445	0.001169977	0.22	low_mu	high_tai	safe_sprinter
Y	TAC	16389	0.43222216	0.01224915	0.001045043	0.5	high_mu	high_tai	risky_sprinter
Y	TAT	21529	0.56777784	0.01609079	0.0002977838	0.295	low_mu	low_tai	safe_careful
